地块编号,作物类型,生育期,土壤pH值,土壤有机质(g/kg),土壤速效氮(mg/kg),土壤速效磷(mg/kg),土壤速效钾(mg/kg),土壤含水率(%),平均气温(℃),降水量(mm),日照时数(h),相对湿度(%),NDVI指数,叶面积指数LAI,株高(cm),叶绿素SPAD值,灌溉量(m³/亩),氮肥施用量(kg/亩),磷肥施用量(kg/亩),钾肥施用量(kg/亩),实测亩产量(kg),总施肥量,水肥配比,长势等级
PLOT_002,大豆,苗期,6.99,27.77,83.1,55.83,86.46,21.42,19.46,66.16,6.25,64.44,0.752,4.24,58.4,54.96,263.25,22.32,9.91,18.46,440.17,50.690000000000005,5.193332018149536,较差
PLOT_003,小麦,抽穗期,7.05,28.52,89.59,29.98,140.27,26.15,23.17,58.42,7.63,62.25,0.529,5.05,66.58,45.25,296.53,15.29,8.46,12.08,534.46,35.83,8.276025676807144,较差
PLOT_004,水稻,拔节期,6.04,22.32,81.95,42.82,125.48,19.09,21.27,82.26,8.07,63.8,0.746,4.53,74.73,41.55,208.53,17.73,7.69,8.07,495.13,33.49,6.226634816363093,较差
PLOT_005,水稻,成熟期,6.89,23.32,68.78,72.55,98.55,26.25,24.01,146.37,5.81,52.95,0.793,2.91,59.81,53.76,216.69,19.07,10.51,6.32,690.64,35.9,6.035933147632313,优良
PLOT_006,大豆,灌浆期,7.34,14.82,102.25,46.96,101.06,19.12,25.25,108.13,6.48,69.26,0.615,3.46,70.39,51.63,323.02,26.74,8.92,17.66,560.15,53.31999999999999,6.058139534883721,中等
PLOT_007,小麦,拔节期,7.18,28.33,98.05,48.95,100.15,27.19,18.56,57.85,6.83,68.3,0.531,3.22,32.43,48.35,15.353000000000002,16.91,8.24,13.8,597.06,38.95,0.3941720154043646,中等
PLOT_008,小麦,灌浆期,6.24,43.03,47.15,55.93,99.7,22.43,26.78,128.65,7.21,69.97,0.533,2.89,87.81,45.303118279569894,240.88,17.17,5.85,10.68,637.03,33.7,7.147774480712165,优良
PLOT_009,水稻,抽穗期,6.37,21.89,87.73733333333332,36.44,73.89,19.82,20.98,35.35,6.97,72.16,0.769,2.68,97.09,44.39,495.01,23.49,12.88,9.73,449.07,46.099999999999994,10.737744034707159,较差
PLOT_010,玉米,抽穗期,7.2,45.86,67.36,29.02,68.47,22.35,23.77,149.1,8.39,60.02,0.942,5.3,83.18,43.82,288.91,16.1,9.59,14.69,524.08,40.38,7.154779593858346,较差
PLOT_011,水稻,苗期,7.12,36.49,77.18,44.12,110.73,20.53,24.47,332.07,4.23,70.73,0.502,3.81,115.76,42.52,277.63,19.42,6.74,14.58,669.75,40.74,6.814678448699067,优良
PLOT_012,水稻,成熟期,5.67,25.16,71.59,45.18,136.88,22.57,23.47,137.91,4.54,72.43,0.6093074204946997,3.6,87.28,40.19,288.5,23.05,9.19,8.41,530.67,40.650000000000006,7.0971709717097164,较差
PLOT_013,水稻,灌浆期,5.57,28.16,84.07,22.58,96.56,25.79,21.56,35.57,7.55,63.12,0.731,4.24,95.57,47.12,289.93,15.12,11.65,7.43,425.77,34.2,8.477485380116958,较差
PLOT_014,水稻,拔节期,6.76,27.19,78.4,46.5,117.59,21.56,20.05,90.08,6.12,72.2,0.53,4.28,97.29,39.83,371.74,19.7,10.09,7.63,498.8,37.42,9.93425975414217,较差
PLOT_015,大豆,抽穗期,6.51,38.24,77.98,54.84,128.36,20.15,20.92,80.98,8.79,68.81,0.742,4.81,25.48,46.42,365.44,26.73,10.57,10.13,554.24,47.43,7.70482816782627,中等
PLOT_016,小麦,苗期,6.65,31.1,107.15,31.04,85.17,16.38,28.26,54.79,9.31,61.69,0.676,3.13,82.63,28.2,284.83,22.61,10.13,9.24,595.01,41.980000000000004,6.784897570271557,中等
PLOT_017,大豆,苗期,6.59,35.09,96.14,47.23,109.5,24.9,18.54,46.12,7.62,70.83,0.617,4.16,50.11,45.303118279569894,300.75,19.42,6.17,18.47,573.63,44.06,6.825919201089423,中等
PLOT_018,大豆,灌浆期,7.29,30.15,70.92,52.71,93.34,23.74,19.12,100.21,5.27,65.09,0.6093074204946997,2.98,53.74,45.303118279569894,438.15,16.88,12.85,9.98,524.72,39.709999999999994,11.033744648703099,较差
PLOT_019,大豆,抽穗期,6.85,27.33,73.89,49.04,150.15,16.09,18.95,102.93,9.1,74.97,0.666,3.63,56.87,37.8,184.07,14.98,4.88,7.0,664.54,26.86,6.852941176470588,优良
PLOT_020,水稻,成熟期,6.93,29.96,87.73733333333332,50.17,149.06,26.18,22.54,124.0,7.56,65.61,0.598,3.85,69.37,49.74,314.82,13.06,11.38,7.23,568.38,31.67,9.940637827597094,中等
PLOT_021,玉米,抽穗期,6.13,25.56,94.81,39.06,85.19,16.01,15.9,209.70000000000002,4.52,55.1,0.409,3.94,86.71,38.46,332.17,25.55,11.85,11.26,598.85,48.66,6.826346074804769,中等
PLOT_022,小麦,灌浆期,5.12,19.29,72.92,28.47,119.65,27.15,16.59,80.75,4.68,70.67,0.641,3.9,82.81,51.21,250.1,24.58,9.34,4.71,529.51,38.63,6.474242816463888,较差
PLOT_023,玉米,灌浆期,7.36,32.88,80.32,36.63,136.69,25.44,20.96,43.53,9.93,70.29,0.809,4.52,74.77,42.62,309.64,14.71,11.06,11.76,715.8,37.53,8.25046629363176,优良
PLOT_024,大豆,抽穗期,7.87,18.99,121.94,34.97,131.21,24.1,16.85,131.22,9.63,57.19,0.427,3.26,88.01,42.31,237.95,19.69,9.17,6.66,544.75,35.519999999999996,6.699042792792794,中等
PLOT_025,大豆,灌浆期,6.63,26.39,73.27,41.04,112.04,20.12,17.17,87.09,2.67,75.51,0.504,3.96,89.1,45.43,377.35,18.56,11.1,16.63,586.72,46.28999999999999,8.151868654136965,中等
PLOT_026,玉米,抽穗期,6.92,25.36,123.22,55.12,142.66,24.88,16.88,106.68,4.76,74.98,0.671,3.12,82.97,45.303118279569894,199.56,23.92,12.98,12.47,673.15,49.370000000000005,4.042130848693538,优良
PLOT_027,玉米,拔节期,6.96,31.86,107.07,26.26,87.39,27.38,18.61,107.74,9.25,59.3,0.625,6.43,43.96,52.78,415.61,19.91,7.62,20.48,605.2,48.010000000000005,8.656738179545927,中等
PLOT_028,玉米,抽穗期,7.64,37.39,119.51,43.73,102.42,24.96,24.92,128.77,7.17,61.4,0.669,2.98,61.69,55.43,313.4,17.89,12.02,11.09,602.96,41.0,7.64390243902439,中等
PLOT_030,大豆,灌浆期,7.05,32.03,81.63,33.12,129.56,23.34,29.68,105.93,7.09,60.41,0.759,4.59,88.2,49.19,22.958000000000002,19.7,10.79,17.83,641.26,48.31999999999999,0.47512417218543057,优良
PLOT_031,小麦,灌浆期,6.83,24.22,76.02,48.7,95.43,27.66,29.53,84.25,8.38,74.4,0.626,3.41,51.09,51.23,412.76,16.26,8.49,14.01,585.0,38.76,10.649122807017545,中等
PLOT_032,小麦,苗期,6.83,26.9,107.54,27.72,105.72,33.0,25.15,148.17,7.21,69.49,0.704,4.59,74.8,44.27,261.33,19.1,16.79,14.63,628.74,50.52,5.172802850356294,优良
PLOT_033,大豆,苗期,6.08,26.02,73.65,50.81,125.44,20.97,26.11,59.97,6.41,57.06,0.658,3.94,46.82,36.13,214.95,17.62,10.27,7.99,596.49,35.88,5.990802675585283,中等
PLOT_034,玉米,拔节期,6.61,25.18,99.62,25.77,127.46,26.29,22.52,120.14,9.11,59.78,0.641,3.44,93.47,57.75,414.63,16.14,10.69,11.83,529.68,38.66,10.725038799793069,较差
PLOT_035,玉米,苗期,7.24,25.59,98.57,50.0,87.32,27.67,24.08,95.51,7.56,79.88,0.695,3.12,79.36,41.86,238.61,13.14,10.76,12.75,660.49,36.65,6.510504774897681,优良
PLOT_036,小麦,抽穗期,6.68,25.43,84.04,23.41,136.42,17.94,29.77,93.94,8.37,83.36,0.642,3.09,50.77,40.13,311.5,20.57,11.34,11.05,597.83,42.96,7.250931098696461,中等
PLOT_037,大豆,灌浆期,6.82,25.16,110.97,34.59,121.39,30.91,23.48,86.62,7.48,73.39,0.477,3.45,50.65,58.11,393.69,18.21,8.98,5.06,463.96,32.25,12.207441860465115,较差
PLOT_038,小麦,苗期,6.21,33.71,87.15,64.76,82.96,16.67,26.61,125.4,6.32,65.89,0.75,3.64,81.97,49.88,334.22,26.94,10.57,23.07,697.77,60.580000000000005,5.517002310993727,优良
PLOT_039,小麦,苗期,7.02,21.67,101.68,62.5,76.81,26.04,18.26,92.92,10.1,63.6,0.718,3.05,99.75,47.06,475.78,12.84,12.86,15.34,451.26,41.04,11.59307992202729,较差
PLOT_040,水稻,拔节期,6.07,23.62,75.11,37.05,109.6,23.53,19.34,39.27,7.84,73.5,0.367,3.7,55.26,37.23,244.85,21.13,8.88,13.68,661.08,43.69,5.604257267109179,优良
PLOT_041,水稻,拔节期,6.94,18.5,70.53,46.68,131.25,22.28,23.25,121.59,6.56,68.76,0.541,2.82,89.16,51.42,301.05,17.59,8.74,17.26,713.82,43.59,6.906400550584996,优良
PLOT_042,水稻,抽穗期,6.71,36.49,99.62,56.45,131.89,34.73,22.6,116.09,9.5,51.9,0.745,4.48,65.24,45.303118279569894,308.01,28.5,9.12,14.58,480.43,52.199999999999996,5.900574712643678,较差
PLOT_043,玉米,灌浆期,5.93,23.22,93.62,50.18,118.9,20.49,19.52,102.61,4.82,78.32,0.401,4.65,89.82,52.04,375.91,20.74,6.71,9.29,568.95,36.739999999999995,10.231627653783345,中等
PLOT_044,大豆,拔节期,7.33,31.96,87.73733333333332,38.72,111.22,20.41,31.63,51.15,11.23,81.46,0.6093074204946997,3.17,87.3,48.97,435.98,19.62,7.95,17.0,560.56,44.57,9.781916087054073,中等
PLOT_045,大豆,苗期,6.72,30.85,78.13,33.02,122.79,28.66,22.69,55.81,6.88,75.37,0.603,3.12,77.8,50.77,326.63,17.6,7.83,15.41,564.61,40.84,7.997796278158667,中等
PLOT_046,大豆,灌浆期,7.73,35.91,115.98,52.42,88.62,25.81,20.23,28.68,4.92,57.08,0.781,3.96,41.98,42.38,307.61,14.48,10.0,9.44,744.72,33.92,9.06869103773585,优良
PLOT_047,大豆,灌浆期,7.54,26.74,62.67,55.57,152.17,28.41,22.61,98.81,10.63,61.63,0.62,4.94,87.26,42.3,186.53,19.56,12.51,15.16,481.48,47.230000000000004,3.9493965699767095,较差
PLOT_048,水稻,苗期,6.36,22.31,61.57,62.59,151.85,22.58,22.1,44.51,6.37,49.42,0.533,5.14,84.04,42.2,330.11,11.09,14.36,11.04,552.41,36.489999999999995,9.046588106330503,中等
PLOT_049,玉米,拔节期,6.4,18.67,103.84,21.75,120.72,23.58,22.75,33.44,7.64,83.96,0.657,2.54,82.39,40.4,261.47,11.32,10.17,12.83,715.3,34.32,7.6185897435897445,优良
PLOT_050,玉米,苗期,6.21,11.29,102.2,26.96,114.93,31.5,15.63,123.25,8.49,64.43,0.616,4.71,78.52,42.18,375.66,23.06,11.37,14.4,550.93,48.83,7.693221380298997,中等
PLOT_051,水稻,灌浆期,6.01,28.97,92.08,55.94,99.71,17.82,27.17,108.05,9.33,91.33,0.6093074204946997,3.74,59.18,42.14,283.13,9.19,10.73,17.47,495.78,37.39,7.572345546937684,较差
PLOT_052,玉米,成熟期,6.59,32.65,79.24,23.38,123.22,21.49,27.4,75.0,7.74,87.55,0.6093074204946997,3.76,94.49,43.04,298.34,16.4,3.72,9.42,603.67,29.54,10.09952606635071,中等
PLOT_053,水稻,成熟期,7.52,30.83,95.05,56.86,92.72,25.99,27.88,80.98,6.03,58.97,0.503,4.25,9.117,42.82,188.58,12.75,6.56,13.46,652.51,32.769999999999996,5.7546536466280145,优良
PLOT_054,大豆,抽穗期,5.84,18.82,119.42,39.42,54.41,21.02,23.3,12.78,7.59,60.92,0.351,3.37,55.64,46.94,156.97,15.99,12.28,20.06,544.64,48.33,3.2478791640802815,较差
PLOT_055,水稻,苗期,7.23,34.23,135.31,35.75,42.15,19.15,24.65,112.5,6.45,72.66,0.81,4.79,98.66,45.303118279569894,48.749,18.92,12.58,11.3,629.89,42.8,1.138995327102804,优良
PLOT_056,大豆,苗期,7.18,23.81,51.87,44.47,90.01,25.09,18.54,64.22,7.65,50.45,0.6093074204946997,5.08,77.37,46.34,331.67,22.92,12.51,12.79,456.1,48.22,6.8782662795520535,较差
PLOT_057,大豆,抽穗期,7.08,22.56,76.62,25.86,113.91,28.68,25.33,94.91,10.13,63.62,0.584,5.12,77.32,57.18,356.39,24.09,9.47,20.06,461.11,53.620000000000005,6.6465870943677725,较差
PLOT_058,小麦,抽穗期,7.17,23.68,75.36,51.89,118.3,21.3,23.01,10.34,8.56,62.62,0.577,2.14,71.83,45.61,237.89,13.41,4.02,14.55,540.39,31.98,7.438711694809255,较差
PLOT_059,水稻,抽穗期,6.25,28.47,117.53,62.28,97.83,21.16,20.16,114.33,7.57,86.51,0.552,3.59,73.6,62.69,398.8,15.67,6.91,6.1,633.1,28.68,13.90516039051604,优良
PLOT_061,水稻,苗期,6.53,27.78,95.28,39.04,103.14,20.52,25.61,43.72,8.66,65.15,0.5,3.11,9.36,41.42,247.78,16.75,11.89,14.76,473.62,43.4,5.709216589861751,较差
PLOT_062,水稻,灌浆期,5.57,30.58,79.86,23.54,85.02,27.42,22.24,74.81,5.26,61.69,0.628,1.64,93.21,55.8,224.64,13.59,8.93,13.69,581.7208833922261,36.21,6.203811101905551,中等
PLOT_063,小麦,抽穗期,6.83,34.64,117.76,24.0,108.66,22.41,23.75,67.11,7.28,76.94,0.572,4.21,78.32,44.36,254.07,14.42,15.07,12.65,594.99,42.14,6.029188419553868,中等
PLOT_064,小麦,苗期,6.38,29.06,115.02,26.04,130.32,17.98,17.87,11.723,11.81,63.03,0.708,4.0,91.01,25.85,317.45,16.78,14.4,20.64,500.87,51.82,6.126013122346584,较差
PLOT_065,水稻,灌浆期,7.48,19.96,92.31,41.85,86.15,23.31,26.97,72.39,9.38,67.5,0.678,3.41,5.998,44.97,335.04,16.04,15.02,9.53,459.92,40.589999999999996,8.254249815225426,较差
PLOT_066,玉米,灌浆期,6.66,28.89,53.41,43.36,86.16,27.26,18.4,125.88,6.29,61.61,0.509,3.09,85.5,43.01,323.46,16.83,7.25,11.7,600.68,35.78,9.040245947456679,中等
PLOT_067,大豆,抽穗期,6.82,21.64,73.52,52.42,83.27,19.19,19.18,94.9,6.11,52.82,0.633,4.08,72.24,57.85,436.89,17.89,11.47,4.15,696.06,33.51,13.03760071620412,优良
PLOT_068,小麦,苗期,6.99,21.29,75.71,20.45,61.59,15.36,22.25,111.83,6.05,58.04,0.57,2.89,37.92,37.82,255.65,17.86,8.57,16.64,583.2,43.07,5.935686092407709,中等
PLOT_069,大豆,灌浆期,6.67,19.82,58.47,57.73,97.99,32.95,26.46,84.94,8.76,62.98,0.501,2.83,46.45,42.34,222.2,13.22,10.98,8.8,495.86,33.0,6.733333333333333,较差
PLOT_070,玉米,苗期,6.75,16.53,108.09,50.33,127.85,15.11,26.46,123.16,10.09,65.37,0.703,2.72,63.07,55.14,320.01,19.85,7.58,16.23,411.88,43.66,7.3295923041685755,较差
PLOT_071,玉米,成熟期,7.22,24.6,55.93,38.08,114.35,20.2,21.98,50.39,8.25,65.81,0.605,3.62,82.47,48.16,167.62,18.61,13.68,15.81,717.65,48.1,3.484823284823285,优良
PLOT_072,玉米,拔节期,6.27,34.77,124.31,27.72,105.77,23.16,25.09,88.41,7.48,67.11,0.571,3.28,63.08,43.63,382.62,20.48,7.64,21.4,673.77,49.519999999999996,7.726575121163167,优良
PLOT_073,小麦,拔节期,6.45,41.54,124.26,56.99,113.23,20.64,15.24,73.11,6.4,63.11,0.517,3.45,64.36,38.95,328.82,9.43,4.16,14.6,581.7208833922261,28.189999999999998,11.664420007094716,中等
PLOT_074,玉米,拔节期,6.32,24.56,77.3,38.4,97.78,21.63,19.12,126.9,7.79,81.49,0.497,4.27,88.74,47.81,289.58,18.78,16.1,10.58,713.02,45.46,6.369995600527936,优良
PLOT_075,小麦,抽穗期,7.52,34.52,91.57,41.76,61.3,24.88,19.2,129.97,5.72,77.48,0.859,4.67,65.01,44.77,284.58,8.07,11.33,13.81,600.15,33.21,8.56910569105691,中等
PLOT_076,玉米,成熟期,6.45,25.63,83.55,46.6,129.59,10.04,27.01,85.01,3.72,66.65,0.66,5.11,98.95,38.86,401.9,17.12,6.79,8.96,532.21,32.870000000000005,12.226954669911771,较差
PLOT_077,大豆,苗期,6.73,18.1,103.04,31.04,136.78,15.67,24.62,46.25,10.15,70.54,0.489,3.85,95.97,39.27,399.03,21.29,9.51,13.28,629.96,44.08,9.052404718693285,优良
PLOT_078,大豆,灌浆期,6.5,32.21,110.49,38.61,91.8,22.22,22.74,97.81,5.39,64.28,0.655,4.11,75.39,45.303118279569894,297.83,23.23,8.27,11.2,581.7208833922261,42.7,6.974941451990632,中等
PLOT_079,水稻,苗期,6.65,29.41,90.16,52.38,106.23,19.98,23.13,35.06,6.62,39.57,0.747,3.97,88.56,37.06,373.26,19.67,10.02,11.72,490.39,41.410000000000004,9.013764791113257,较差
PLOT_080,大豆,灌浆期,6.43,38.91,87.73733333333332,51.17,104.08,22.65,28.27,133.78,8.38,68.2,0.64,2.29,86.11,52.47,397.7,21.38,12.41,8.41,649.44,42.2,9.424170616113743,优良
PLOT_081,水稻,苗期,7.03,18.79,72.59,51.28,118.78,23.14,21.32,212.39999999999998,9.78,71.06,0.785,3.47,70.58,51.4,350.2,16.5,11.94,13.2,657.02,41.64,8.410182516810758,优良
PLOT_082,大豆,成熟期,6.28,44.78,93.73,28.14,152.25,11.42,16.74,84.08,7.66,51.87,0.435,3.47,90.51,52.49,301.51,15.45,10.76,15.3,465.36,41.510000000000005,7.2635509515779315,较差
PLOT_083,小麦,灌浆期,6.12,37.55,88.26,39.16,138.99,28.37,26.35,64.57,5.05,72.99,0.381,3.34,93.16,45.04,354.31,31.46,10.02,5.39,468.69,46.870000000000005,7.559419671431619,较差
PLOT_084,大豆,抽穗期,6.52,27.89,66.76,37.24,100.58,19.51,22.73,57.95,6.66,65.19,0.651,3.76,57.86,43.06,226.48,22.14,13.24,9.25,539.95,44.63,5.074613488684741,较差
PLOT_085,水稻,苗期,6.4,26.21,87.73733333333332,47.1,123.56,17.67,25.81,107.12,5.98,71.38,0.653,3.6,77.76,43.2,326.4,12.14,4.22,12.67,515.98,29.03,11.243541164312779,较差
PLOT_086,水稻,苗期,6.13,23.71,77.34,46.03,141.36,23.04,21.82,80.24,7.13,65.5,0.219,2.91,77.57,53.17,299.02,9.33,7.75,2.61,622.88,19.689999999999998,15.18638902996445,优良
PLOT_087,玉米,灌浆期,6.64,28.66,87.73733333333332,43.87,120.21,22.54,18.65,86.27,9.42,80.51,0.545,3.66,90.29,30.44,284.91,15.67,7.06,18.96,584.32,41.69,6.834012952746463,中等
PLOT_088,小麦,抽穗期,5.97,26.9,62.07,71.59,109.88,27.98,23.61,54.88,2.63,70.26,0.499,3.22,6.7010000000000005,40.88,164.61,23.96,13.02,9.16,684.84,46.14,3.567620286085826,优良
PLOT_089,大豆,抽穗期,7.66,31.08,86.25,38.51,121.15,23.36,22.04,110.68,6.46,78.02,0.453,1.44,64.24,37.9,227.52,18.24,7.78,8.25,608.55,34.269999999999996,6.6390428946600535,中等
PLOT_090,玉米,成熟期,6.05,26.23,69.39,37.11,92.42,27.79,22.74,11.373000000000001,6.33,78.85,0.499,2.54,78.04,55.88,276.27,6.88,6.14,11.17,521.99,24.189999999999998,11.420835055808185,较差
PLOT_091,大豆,抽穗期,6.48,36.49,75.58,28.12,96.07,17.31,28.47,78.73,4.94,56.8,0.691,3.88,96.26,41.18,400.55,17.11,11.65,12.55,409.8,41.31,9.696199467441298,较差
PLOT_092,大豆,抽穗期,6.6,28.75,106.5,23.55,83.4,22.71,17.61,369.12,8.25,60.61,0.498,4.78,53.41,31.91,345.72,17.99,7.27,8.97,596.15,34.23,10.09991235758107,中等
PLOT_093,玉米,抽穗期,7.64,26.46,97.64,27.36,117.68,16.43,23.14,81.88,4.65,72.52,0.502,1.62,56.55,46.79,404.57,5.92,8.95,15.92,426.07,30.79,13.139655732380643,较差
PLOT_094,玉米,拔节期,5.93,34.15,65.42,33.38,106.71,22.49,18.72,108.39,4.86,64.34,0.426,3.02,65.63,42.04,431.86,18.12,17.14,13.6,520.87,48.86000000000001,8.838722881702823,较差
PLOT_095,玉米,成熟期,6.87,18.26,92.04,57.72,89.42,21.43,11.64,36.31,8.73,65.61,0.772,4.19,68.83,40.54,349.64,12.93,12.36,8.65,515.04,33.94,10.301708898055391,较差
PLOT_096,玉米,苗期,7.32,30.05,87.66,42.47,105.9,21.21,21.8,95.6,9.9,80.87,0.672,4.59,43.22,39.72,332.63,8.82,9.37,9.91,534.24,28.099999999999998,11.837366548042706,较差
PLOT_097,玉米,灌浆期,6.65,28.15,119.03,44.32,121.75,21.26,22.12,76.86,7.06,64.9,0.321,3.42,101.97,39.4,232.43,26.02,9.64,5.93,461.56,41.589999999999996,5.588603029574418,较差
PLOT_098,大豆,苗期,6.22,19.53,112.66,40.84,157.87,25.68,24.49,89.67,5.01,58.31,0.502,3.19,72.65,50.67,498.8,12.71,12.72,6.99,514.73,32.42,15.385564466378778,较差
PLOT_099,玉米,成熟期,6.75,17.75,54.33,46.38,135.3,13.96,21.13,88.32,5.93,59.66,0.683,4.9,69.96,46.79,192.39,14.66,11.99,13.55,683.13,40.2,4.785820895522387,优良
PLOT_100,小麦,灌浆期,7.56,34.06,102.22,58.82,52.9,17.5,16.04,88.77,9.01,89.82,0.774,4.52,104.21,43.42,330.69,14.6,10.23,8.69,682.88,33.519999999999996,9.865453460620525,优良
PLOT_101,水稻,成熟期,6.49,33.78,110.3,18.07,115.98,21.8,18.71,103.47,7.41,66.22,0.721,4.57,87.92,36.21,394.95,18.01,10.31,19.22,717.92,47.54,8.307740849810685,优良
PLOT_102,玉米,抽穗期,7.52,29.04,96.19,56.62,145.73,16.11,27.27,68.04,7.02,54.36,0.577,3.38,65.36,43.65,396.21,26.83,5.56,12.28,580.91,44.67,8.869711215580926,中等
PLOT_103,玉米,灌浆期,6.93,38.3,78.29,11.82,76.55,22.23,18.65,102.07,7.76,50.31,0.388,4.8,77.96,47.09,216.04,12.02,4.93,6.59,604.41,23.54,9.177570093457945,中等
PLOT_104,大豆,抽穗期,7.42,30.65,133.27,42.34,123.79,21.75,28.33,365.94,7.13,61.75,0.724,2.05,74.25,47.39,282.21,16.47,9.47,7.43,684.46,33.37,8.456997302966737,优良
PLOT_105,玉米,苗期,6.91,35.5,98.03,68.3,104.08,14.98,26.2,42.7,9.98,66.03,0.6093074204946997,4.82,101.07,46.29,248.09,18.6,8.1,16.21,447.64,42.910000000000004,5.781635982288511,较差
PLOT_106,玉米,苗期,6.56,30.52,124.53,50.17,138.76,14.73,20.73,61.58,5.85,77.49,0.628,3.74,71.99,37.62,141.76,13.66,11.76,11.69,652.51,37.11,3.8199946106170843,优良
PLOT_107,玉米,灌浆期,7.62,26.35,112.03,46.48,120.11,8.88,19.08,62.84,5.64,76.52,0.599,3.92,49.04,25.77,331.73,16.39,10.59,15.97,697.21,42.95,7.723632130384168,优良
PLOT_108,大豆,灌浆期,6.91,21.65,94.28,66.02,87.9,15.9,26.19,52.24,4.71,67.94,0.457,2.95,41.21,59.4,255.41,20.97,7.68,10.53,499.99,39.18,6.5188871873404794,较差
PLOT_109,玉米,成熟期,6.88,24.38,73.41,33.56,104.98,22.07,21.04,70.76,6.23,63.46,0.664,2.17,101.55,34.52,455.49,14.22,10.49,9.76,704.44,34.47,13.214099216710183,优良
PLOT_110,水稻,成熟期,7.2,26.46,84.52,47.21,106.46,22.78,15.82,115.99,5.23,71.4,0.647,3.9,6.08,29.28,375.37,16.31,8.75,16.48,765.19,41.54,9.036350505536833,优良
PLOT_111,大豆,抽穗期,7.26,36.18,80.56,48.94,106.92,23.01,24.25,128.43,7.59,50.51,0.569,4.3,87.06,46.04,323.73,15.84,16.2,8.57,650.01,40.61,7.971681851760651,优良
PLOT_112,水稻,灌浆期,7.21,32.62,60.71,35.73,137.98,18.11,23.67,88.19,7.24,87.81,0.677,4.43,76.29,31.33,277.46,17.48,11.16,13.96,633.51,42.6,6.513145539906103,优良
PLOT_113,大豆,苗期,6.12,29.98,98.01,36.79,88.93,21.91,26.55,75.27,5.26,74.54,0.455,4.34,67.5,38.56,330.36,19.22,5.32,11.15,479.22,35.69,9.256374334547493,较差
PLOT_114,玉米,成熟期,6.48,33.22,116.35,35.47,135.08,23.99,23.4,109.09,8.26,76.67,0.588,4.13,70.32,49.39,296.97,20.93,15.46,15.51,676.23,51.9,5.721965317919076,优良
PLOT_115,水稻,成熟期,6.47,31.16,79.03,43.05,102.44,15.66,19.8,14.08,9.93,57.26,0.623,2.97,103.5,59.18,326.26,27.69,8.1,19.27,487.7,55.06,5.925535779150017,较差
PLOT_117,小麦,成熟期,6.36,19.01,53.85,43.48,111.81,25.28,27.47,15.35,2.62,63.4,0.613,2.87,68.04,41.49,224.17,17.16,16.43,9.81,622.4,43.400000000000006,5.165207373271889,优良
PLOT_119,大豆,灌浆期,6.97,25.25,118.43,18.37,109.66,27.31,22.24,61.99,8.54,67.61,0.584,3.72,51.9,30.53,383.57,16.07,12.1,7.67,616.52,35.84,10.70228794642857,优良
PLOT_121,大豆,灌浆期,6.8,35.11,81.28,29.72,131.06,17.7,19.57,2.17,9.16,57.21,0.687,4.58,91.06,45.303118279569894,462.25,23.99,9.38,17.78,391.73,51.15,9.037145650048876,较差
PLOT_122,小麦,成熟期,6.59,23.98,105.86,45.62,100.93,24.78,25.04,72.5,9.52,59.05,0.573,4.7,79.89,45.303118279569894,381.06,24.22,8.28,8.0,575.15,40.5,9.408888888888889,中等
PLOT_123,玉米,成熟期,7.44,33.7,95.12,45.44,149.57,32.17,19.77,103.59,7.57,58.27,0.584,4.49,65.94,60.54,255.3,24.18,8.77,5.67,404.76,38.620000000000005,6.610564474365614,较差
PLOT_124,水稻,苗期,6.75,25.83,45.05,40.61,116.87,22.43,16.17,97.32,6.73,58.36,0.479,3.06,49.59,45.303118279569894,338.37,17.13,14.83,7.36,499.53,39.32,8.605544252288912,较差
PLOT_125,小麦,抽穗期,7.27,25.87,87.73733333333332,48.12,118.94,25.17,35.98,128.85,7.87,64.12,0.618,4.49,87.73,41.74,256.59,24.99,10.61,7.42,406.32,43.019999999999996,5.964435146443515,较差
PLOT_126,大豆,拔节期,6.52,29.54,87.73733333333332,53.97,89.07,19.46,16.15,89.83,5.92,54.11,0.58,3.07,124.48,30.33,248.3,25.98,13.94,15.21,594.36,55.13,4.50389987302739,中等
PLOT_127,玉米,苗期,7.01,29.71,57.61,41.27,97.56,15.79,31.03,96.23,7.98,61.09,0.68,4.51,77.63,40.97,307.38,18.69,9.77,18.2,651.42,46.66,6.587655379339906,优良
PLOT_128,小麦,拔节期,7.47,28.23,75.52,29.38,92.79,22.83,20.77,29.84,2.47,78.45,0.688,2.52,42.13,38.08,433.74,23.89,7.73,15.16,616.88,46.78,9.271911073108166,优良
PLOT_129,大豆,拔节期,5.5,19.99,58.11,23.02,112.15,23.62,21.66,55.35,7.28,76.23,0.715,3.72,83.24,33.05,387.09,18.21,5.67,11.06,496.28,34.940000000000005,11.078706353749283,较差
PLOT_130,大豆,抽穗期,6.47,27.27,77.6,42.43,125.97,20.21,19.31,31.52,9.62,57.5,0.559,3.06,90.48,52.3,317.97,25.05,11.94,13.37,525.15,50.36,6.3139396346306595,较差
PLOT_131,大豆,拔节期,7.1,41.67,78.27,44.9,119.18,25.16,25.13,102.18,7.37,77.58,0.359,4.58,58.48,47.05,390.31,17.19,15.08,8.52,604.5,40.790000000000006,9.568766854621229,中等
PLOT_132,小麦,拔节期,7.41,11.3,92.04,30.37,149.7,18.73,16.24,95.46,10.31,48.34,0.709,4.8,63.38,51.37,344.18,14.95,7.34,16.39,499.1,38.68,8.898138572905895,较差
PLOT_133,小麦,抽穗期,6.9,33.22,83.16,50.71,87.81,17.49,14.64,94.41,6.73,92.29,0.672,3.98,61.55,40.75,214.71,12.4,11.54,13.73,460.41,37.67,5.699761083089992,较差
PLOT_134,小麦,拔节期,6.82,34.34,95.06,36.49,112.87,27.3,28.44,5.856000000000001,9.0,81.0,0.544,3.95,65.44,44.43,306.94,17.13,5.87,15.09,558.48,38.09,8.058283013914412,中等
PLOT_135,水稻,拔节期,7.61,19.85,92.67,22.12,77.93,27.33,18.78,55.81,5.62,62.4,0.687,4.43,71.9,57.76,313.42,18.42,8.33,9.09,494.98,35.84,8.744977678571429,较差
PLOT_136,小麦,拔节期,7.44,25.18,105.63,57.08,86.95,18.83,24.98,91.28,8.93,71.82,0.446,4.81,59.5,44.98,388.55,13.27,10.8,11.33,617.04,35.4,10.975988700564972,优良
PLOT_137,小麦,苗期,6.37,22.0,102.48,55.73,141.61,30.59,17.66,64.92,7.62,53.99,0.744,3.83,52.75,51.46,269.02,16.75,4.82,14.9,696.88,36.47,7.376473814093775,优良
PLOT_139,水稻,苗期,6.98,34.62,147.1,35.25,89.92,22.42,28.73,69.75,2.57,66.16,0.521,4.38,71.71,50.73,315.9,12.62,7.49,9.57,610.43,29.68,10.643530997304582,中等
PLOT_140,小麦,抽穗期,7.66,34.91,91.95,34.78,56.75,21.58,19.89,65.18,6.74,59.65,0.545,2.13,67.15,40.61,261.91,23.18,11.81,15.12,581.7208833922261,50.11,5.226701257234086,中等
PLOT_141,大豆,成熟期,7.23,28.72,136.87,61.67,89.67,24.62,14.27,59.0,7.58,63.31,0.592,4.62,76.5,45.303118279569894,290.88,24.06,9.5,9.15,526.06,42.71,6.81058300163896,较差
PLOT_142,小麦,拔节期,6.75,35.87,93.24,40.81,104.87,23.36,28.76,48.23,8.69,62.33,0.619,3.16,47.64,44.94,312.72,23.16,12.82,20.47,531.64,56.45,5.5397697077059345,较差
PLOT_143,大豆,拔节期,6.91,27.95,83.34,24.05,76.06,23.29,25.7,98.46,10.01,56.68,0.626,3.58,79.74,41.24,285.53,17.58,9.16,10.34,695.57,37.08,7.700377562028047,优良
PLOT_144,大豆,抽穗期,5.86,36.15,77.54,52.59,103.43,16.9,20.11,131.68,10.86,59.42,0.6093074204946997,4.62,67.52,32.0,406.69,17.89,5.91,14.57,581.7208833922261,38.370000000000005,10.599166015115975,中等
PLOT_145,大豆,拔节期,7.28,27.11,115.19,27.23,141.77,13.56,21.13,83.83,9.44,53.58,0.644,3.43,79.31,46.53,447.29,12.68,5.54,12.66,586.57,30.88,14.484779792746115,中等
PLOT_146,水稻,苗期,7.12,23.92,117.81,38.88,92.32,27.71,17.56,91.67,6.19,76.57,0.621,4.38,82.19,37.85,397.66,20.07,4.27,22.42,690.07,46.760000000000005,8.504277159965783,优良
PLOT_147,水稻,成熟期,7.41,38.87,97.0,32.76,86.42,19.27,27.68,101.09,6.65,58.68,0.542,4.83,95.36,69.74,160.59,18.85,11.9,12.92,581.7208833922261,43.67,3.6773528738264254,中等
PLOT_149,小麦,拔节期,6.86,22.61,59.46,53.25,81.46,23.63,16.33,59.59,8.14,76.42,0.693,4.08,94.2,35.3,303.92,23.44,11.31,14.56,631.57,49.31,6.163455688501318,优良
PLOT_150,大豆,苗期,6.56,22.54,54.02,60.26,123.39,30.15,22.85,136.6,10.13,71.7,0.683,3.69,69.21,51.96,153.84,19.58,15.02,14.47,620.99,49.06999999999999,3.135113103729367,优良
PLOT_151,水稻,灌浆期,6.23,22.56,109.93,26.71,111.22,22.81,18.56,62.28,11.66,76.05,0.627,3.9,70.06,43.94,241.17,17.79,13.4,11.37,521.66,42.559999999999995,5.666588345864662,较差
PLOT_152,水稻,成熟期,6.5,33.07,82.46,49.51,133.92,20.03,17.88,104.44,11.28,77.16,0.731,2.8,220.07999999999998,51.79,302.77,23.01,8.44,7.62,581.7208833922261,39.07,7.74942411057077,中等
PLOT_153,小麦,灌浆期,5.89,27.41,99.99,33.21,160.5,19.38,20.28,100.91,9.89,87.37,0.385,3.54,88.93,48.04,279.59,13.42,13.8,9.89,541.39,37.11,7.5340878469415244,较差
PLOT_154,水稻,苗期,7.26,41.79,70.65,33.58,64.24,21.81,22.35,26.25,8.15,66.44,0.552,2.64,86.36,40.34,320.78,23.7,8.56,15.53,622.25,47.79,6.712282904373299,优良
PLOT_155,小麦,灌浆期,5.71,35.12,118.14,47.89,119.5,17.45,16.48,74.23,9.63,53.42,0.481,2.99,77.43,33.97,195.73,12.56,8.62,5.01,570.84,26.189999999999998,7.473463153875525,中等
PLOT_156,玉米,抽穗期,7.82,29.54,54.19,29.67,82.03,22.14,27.54,86.7,10.19,70.71,0.891,2.0,52.9,53.57,278.57,15.19,9.37,11.01,667.01,35.57,7.831599662637053,优良
PLOT_157,水稻,灌浆期,5.92,36.42,57.29,47.65,129.72,21.74,24.71,88.99,6.93,61.31,0.706,4.04,86.04,34.69,333.67,8.81,9.52,15.98,577.14,34.31,9.725153016613232,中等
PLOT_158,玉米,拔节期,7.55,25.03,113.89,50.76,103.2,30.21,20.54,94.04,6.24,58.42,0.611,5.32,59.49,49.47,320.92,21.07,11.98,11.63,763.41,44.68,7.182632050134289,优良
PLOT_159,小麦,拔节期,6.35,16.87,32.8,36.81,110.68,21.58,18.39,107.73,5.82,69.0,0.714,3.39,58.51,52.35,360.22,19.25,7.99,20.69,555.2,47.93000000000001,7.515543500938868,中等
PLOT_160,大豆,抽穗期,7.08,22.06,92.57,57.92,77.92,12.38,21.64,84.77,5.62,76.66,0.754,4.67,54.51,43.98,354.97,15.19,12.67,5.02,531.89,32.879999999999995,10.795924574209248,较差
PLOT_161,水稻,苗期,6.42,28.88,82.85,26.73,99.34,35.37,25.6,95.64,4.71,59.64,0.753,4.81,73.5,42.57,283.36,13.35,12.62,8.15,611.15,34.12,8.30480656506448,优良
PLOT_162,小麦,拔节期,7.64,26.66,70.28,58.14,112.24,26.78,24.98,83.65,7.65,80.74,0.731,2.72,96.81,37.13,330.81,24.89,11.03,2.74,677.01,38.660000000000004,8.556906363166062,优良
PLOT_163,大豆,成熟期,6.82,32.95,81.0,18.67,143.9,32.41,26.23,54.48,5.4,58.1,0.588,2.91,57.62,48.7,248.0,17.33,15.82,19.97,676.31,53.12,4.668674698795181,优良
PLOT_164,大豆,拔节期,7.34,27.25,68.05,74.4,90.14,16.21,20.08,85.97,5.79,65.56,0.56,4.69,105.21,20.63,295.68,14.16,13.86,8.22,595.01,36.24,8.158940397350992,中等
PLOT_165,玉米,拔节期,6.84,32.49,115.85,37.13,96.23,20.89,10.3,107.47,8.46,71.86,0.505,3.72,91.38,50.73,224.99,27.61,13.21,4.05,610.52,44.87,5.014263427679965,优良
PLOT_166,小麦,苗期,6.98,37.01,121.09,28.05,133.61,25.37,26.99,118.26,7.53,64.12,0.68,2.64,48.64,45.96,415.89,14.71,10.2,9.55,610.65,34.46,12.06877539175856,优良
PLOT_167,大豆,灌浆期,7.11,27.23,71.29,39.21,88.52,24.68,21.33,101.12,7.97,50.24,0.601,3.23,68.11,43.22,295.39,23.69,11.06,6.43,482.99,41.18,7.173142302088392,较差
PLOT_168,水稻,拔节期,6.54,31.33,90.51,29.44,138.56,23.53,24.66,125.03,9.66,77.27,0.57,4.18,56.28,46.94,415.75,12.25,11.57,9.58,672.17,33.4,12.447604790419161,优良
PLOT_169,水稻,抽穗期,6.16,17.47,58.5,46.64,109.77,11.0,28.68,97.57,8.76,61.77,0.564,3.09,86.97,34.01,1044.09,16.23,10.04,12.16,581.7208833922261,38.43,27.16861826697892,中等
PLOT_170,玉米,灌浆期,6.15,27.26,106.46,58.41,117.58,13.44,31.74,110.92,9.93,75.45,0.794,1.3,57.21,25.7,240.29,20.51,8.87,15.22,483.16,44.6,5.387668161434977,较差
PLOT_171,大豆,成熟期,6.83,20.61,105.94,30.08,119.19,29.59,19.4,113.12,7.34,55.36,0.734,3.51,45.82,48.75,342.6,17.71,2.78,11.3,581.7208833922261,31.790000000000003,10.776973891160742,中等
PLOT_172,小麦,苗期,6.56,28.87,79.09,48.95,94.59,30.48,22.54,78.3,10.1,57.07,0.84,3.58,69.14,55.53,392.87,19.22,12.15,12.1,551.21,43.47,9.03772716816195,中等
PLOT_173,水稻,成熟期,5.73,29.42,85.34,23.61,119.75,21.47,27.47,106.78,7.85,76.62,0.683,3.81,96.05,31.08,313.02,15.31,13.12,9.67,581.7208833922261,38.1,8.215748031496062,中等
PLOT_174,大豆,灌浆期,7.06,29.4,83.12,54.4,90.69,28.95,18.62,56.78,7.5,71.41,0.627,4.93,71.53,36.58,326.66,10.01,6.52,5.95,620.26,22.48,14.531138790035588,优良
PLOT_175,大豆,灌浆期,6.19,25.12,52.63,46.99,97.45,16.88,19.67,95.49,9.83,63.61,0.617,3.85,82.17,51.02,270.37,25.33,11.82,4.61,592.44,41.76,6.474377394636016,中等
PLOT_176,玉米,灌浆期,6.22,41.79,115.92,54.91,123.97,18.03,19.65,102.31,5.63,71.55,0.498,4.02,82.87,47.87,322.17,15.61,8.23,10.54,478.7,34.379999999999995,9.370855148342061,较差
PLOT_177,水稻,成熟期,6.78,20.39,69.66,40.53,117.33,16.49,21.89,116.53,10.84,58.46,0.469,4.75,47.78,68.7,341.41,19.45,8.9,12.34,582.39,40.69,8.39051363971492,中等
PLOT_178,水稻,灌浆期,6.35,20.03,69.8,36.78,108.13,17.75,21.12,109.62,6.69,69.1,0.681,3.81,58.81,53.61,267.91,21.51,13.93,10.25,575.27,45.69,5.863646312103306,中等
PLOT_179,小麦,成熟期,6.86,37.93,81.99,51.79,78.53,25.61,19.62,116.92,5.01,69.29,0.508,5.72,75.12,51.68,222.86,19.54,7.03,4.76,600.0,31.33,7.113309926587935,中等
PLOT_180,水稻,灌浆期,7.79,23.77,104.91,26.3,84.77,17.69,18.14,82.02,8.38,64.26,0.645,2.66,64.97,38.89,435.92,14.46,7.02,12.81,541.3,34.29,12.712744240303296,较差
PLOT_181,小麦,抽穗期,6.61,22.33,73.17,21.09,116.92,33.2,25.25,74.64,6.52,59.65,0.754,2.96,105.68,49.2,374.37,23.8,15.41,18.52,627.05,57.730000000000004,6.484843235752641,优良
PLOT_182,水稻,灌浆期,6.27,41.82,45.96,41.94,128.3,24.3,27.35,76.75,10.85,68.7,0.54,4.35,52.89,56.96,270.71,20.57,9.56,11.54,548.81,41.67,6.496520278377729,中等
PLOT_183,玉米,成熟期,6.89,33.91,67.26,37.32,82.26,27.42,27.93,92.99,6.42,67.45,0.861,4.93,58.63,43.68,339.77,18.99,13.74,9.68,618.62,42.41,8.01155387880217,优良
PLOT_184,水稻,拔节期,6.41,24.43,93.48,48.65,89.0,24.45,20.08,30.74,7.77,63.34,0.501,3.62,80.23,44.06,186.93,18.88,5.2,11.76,651.64,35.839999999999996,5.21568080357143,优良
PLOT_185,小麦,灌浆期,6.81,29.31,128.8,55.1,113.35,28.07,25.41,124.95,4.63,57.66,0.739,2.89,63.7,46.13,142.06,26.41,5.44,7.58,531.89,39.43,3.602840476794319,较差
PLOT_186,小麦,拔节期,6.96,39.68,59.8,48.4,112.82,17.66,22.95,86.32,8.66,68.12,0.671,5.38,22.95,39.68,417.57,14.35,7.26,7.32,510.51,28.93,14.433805737988248,较差
PLOT_187,玉米,抽穗期,6.78,32.15,59.07,54.14,69.4,29.23,19.72,72.55,5.8,63.37,0.763,3.09,109.82,45.303118279569894,340.66,20.08,8.56,13.81,622.87,42.45,8.024970553592462,优良
PLOT_188,水稻,苗期,6.83,35.72,54.75,45.85,114.04,22.7,24.94,9.11,8.45,57.65,0.486,4.11,55.66,46.95,315.71,15.36,5.79,15.96,461.1,37.11,8.507410401509027,较差
PLOT_189,水稻,抽穗期,6.9,32.83,52.27,47.94,95.04,28.05,19.53,83.9,6.43,68.44,0.897,4.98,85.1,56.84,340.94,8.32,11.11,11.41,680.05,30.84,11.055123216601816,优良
PLOT_190,玉米,灌浆期,7.6,33.58,109.11,40.6,151.03,14.8,20.5,79.05,3.52,84.08,0.599,3.4,52.44,43.48,610.35,8.19,11.3,4.1,580.99,23.590000000000003,25.873251377702413,中等
PLOT_191,水稻,拔节期,6.67,28.24,114.89,47.58,116.23,22.9,16.49,58.09,7.44,64.33,0.6093074204946997,3.24,59.47,50.4,398.22,12.93,7.31,13.41,569.67,33.65,11.834175334323923,中等
PLOT_192,水稻,拔节期,6.86,28.07,88.56,44.0,120.54,22.73,20.14,64.81,7.36,82.98,0.793,3.3,45.79,43.72,225.91,14.71,7.54,20.27,629.14,42.519999999999996,5.313029162746943,优良
PLOT_193,小麦,成熟期,7.23,29.6,75.65,45.9,121.18,18.9,23.02,84.2,8.79,89.14,0.547,4.61,61.66,50.12,168.77,28.86,7.94,11.02,623.56,47.81999999999999,3.529276453366793,优良
PLOT_194,水稻,拔节期,7.04,32.41,120.82,40.0,79.65,23.57,28.28,67.35,10.0,58.47,0.719,4.75,63.4,43.0,414.91,21.49,6.51,11.29,580.59,39.29,10.560193433443626,中等
PLOT_196,玉米,苗期,7.25,28.73,106.79,33.47,69.43,18.52,17.85,62.54,8.76,89.04,0.788,5.49,68.29,50.83,371.76,14.81,9.74,13.93,519.49,38.480000000000004,9.66112266112266,较差
PLOT_197,玉米,灌浆期,6.36,26.14,74.67,41.78,129.89,26.81,27.99,89.64,7.7,66.79,0.529,3.83,49.05,36.47,246.84,18.31,8.71,9.32,644.11,36.34,6.792515134837644,优良
PLOT_198,大豆,成熟期,6.69,28.69,85.88,57.74,125.47,16.36,19.98,120.4,4.63,68.37,0.625,4.96,65.57,53.82,352.7,29.53,9.02,16.09,482.92,54.64,6.45497803806735,较差
PLOT_199,小麦,苗期,6.41,20.49,60.25,30.62,98.07,32.55,15.01,83.9,7.56,51.3,0.657,3.41,101.05,43.67,254.9,11.93,6.96,9.37,625.96,28.259999999999998,9.019815994338288,优良
PLOT_200,水稻,拔节期,7.09,43.64,97.58,16.06,126.66,25.92,22.53,95.68,7.59,62.68,0.714,5.9,98.91,41.24,379.65,20.28,12.43,13.37,550.49,46.08,8.238932291666666,中等
PLOT_201,水稻,拔节期,7.39,23.6,88.82,46.4,102.06,30.63,20.7,93.78,6.84,73.56,0.856,5.21,83.2,39.32,408.44,26.06,17.28,11.81,462.0,55.150000000000006,7.405983680870353,较差
PLOT_202,大豆,苗期,6.91,25.83,67.11,38.92,93.11,25.36,31.2,85.24,8.34,92.29,0.6093074204946997,3.68,86.94,47.39,271.09,22.83,7.5,18.22,603.1,48.55,5.583728115345005,中等
PLOT_203,水稻,拔节期,6.84,23.08,67.38,54.13,121.74,23.95,23.9,82.99,9.22,66.04,0.757,5.09,112.09,44.96,421.86,27.01,14.2,13.64,576.9,54.85,7.691157702825889,中等
PLOT_204,小麦,苗期,6.36,31.69,117.32,40.43,84.84,25.96,21.41,67.86,5.73,51.37,0.856,5.05,85.28,47.97,330.34,19.06,11.1,17.55,441.15,47.709999999999994,6.923915321735485,较差
PLOT_205,大豆,成熟期,6.45,26.82,124.43,34.75,104.39,21.32,18.3,89.53,5.7,53.95,0.64,5.2,86.6,48.12,364.27,21.02,10.11,12.43,389.77,43.56,8.36248852157943,较差
PLOT_206,小麦,成熟期,6.2,22.22,80.74,41.09,95.15,13.91,23.32,76.5,6.95,67.64,0.554,1.57,46.84,45.303118279569894,20.213,18.55,8.97,11.32,566.3,38.84,0.5204170957775489,中等
PLOT_207,大豆,苗期,5.71,31.94,86.36,55.12,101.6,24.24,27.83,131.38,6.09,79.77,0.6093074204946997,4.45,54.97,67.21,340.9,20.67,9.75,11.85,725.64,42.27,8.064821386325999,优良
PLOT_208,大豆,成熟期,6.6,32.75,93.0,48.9,120.82,18.22,23.25,109.33,4.25,74.37,0.846,4.29,74.41,45.303118279569894,777.5999999999999,13.42,13.45,8.91,608.89,35.78,21.732811626607038,中等
PLOT_209,玉米,成熟期,6.65,27.6,87.96,12.79,95.14,16.49,18.61,41.42,5.41,72.6,0.591,4.22,60.47,39.12,362.72,21.96,6.59,14.13,519.85,42.68,8.49859418931584,较差
PLOT_210,小麦,成熟期,7.89,24.02,51.51,44.23,105.19,25.18,24.16,43.09,4.98,81.09,0.5,4.0,57.04,45.303118279569894,452.04,19.47,9.17,9.24,677.37,37.88,11.933474128827877,优良
PLOT_211,水稻,抽穗期,7.58,41.15,87.73733333333332,44.83,97.42,20.6,21.81,81.09,9.38,60.8,0.457,4.02,59.12,35.44,346.06,18.31,13.75,12.45,661.65,44.510000000000005,7.774882048977757,优良
PLOT_212,水稻,灌浆期,7.08,30.04,43.24,41.78,146.1,27.14,23.79,7.314,10.27,68.19,0.5,4.95,49.38,54.88,238.92,26.73,12.95,15.42,694.44,55.1,4.33611615245009,优良
PLOT_213,小麦,拔节期,7.84,20.36,70.35,34.67,118.57,18.06,20.58,79.5,5.23,62.8,0.73,4.29,60.76,50.76,376.38,16.67,6.63,18.33,641.55,41.629999999999995,9.041076147009369,优良
PLOT_214,水稻,抽穗期,7.5,36.48,95.11,56.33,115.5,19.65,20.49,104.53,8.18,65.29,0.747,4.0,81.11,34.2,356.16,24.04,9.45,12.65,659.73,46.13999999999999,7.719115734720417,优良
PLOT_215,水稻,成熟期,5.8,22.87,97.0,56.93,127.09,27.75,20.33,94.47,8.77,57.94,0.698,4.83,107.33,64.71,505.27,24.54,12.18,15.44,645.8,52.16,9.686924846625768,优良
PLOT_216,小麦,苗期,7.33,44.45,68.8,15.56,95.15,23.4,25.77,94.17,4.51,64.56,0.636,4.18,89.35,47.61,342.86,22.28,11.99,14.97,537.02,49.24,6.963038180341186,较差
PLOT_217,大豆,成熟期,7.16,28.48,75.83,32.42,131.48,14.61,20.53,128.39,7.49,67.72,0.471,4.26,86.45,48.68,267.31,13.17,12.93,10.47,432.64,36.57,7.309543341536779,较差
PLOT_218,小麦,灌浆期,6.66,34.08,73.12,40.26,118.65,23.29,20.16,43.33,11.76,64.29,0.532,5.48,45.78,62.95,389.36,19.8,11.15,20.43,533.1,51.38,7.578045932269365,较差
PLOT_219,大豆,成熟期,6.09,15.52,82.94,53.38,70.98,29.41,18.23,88.12,8.42,66.39,0.487,3.41,77.15,58.92,308.51,27.79,11.66,9.7,679.44,49.150000000000006,6.276907426246185,优良
PLOT_220,水稻,苗期,7.1,20.3,84.46,42.42,74.3,19.61,23.82,67.63,6.76,72.05,0.689,2.44,73.79,51.25,327.22,8.91,11.03,12.36,545.71,32.3,10.130650154798763,中等
PLOT_221,水稻,灌浆期,5.76,36.0,98.37,33.8,95.69,24.99,23.25,128.06,6.19,80.39,0.6093074204946997,3.87,80.23,51.63,236.44,17.06,14.74,17.82,566.91,49.62,4.765014107214833,中等
PLOT_222,水稻,成熟期,6.79,29.91,74.66,50.51,76.97,17.75,20.2,18.72,3.56,81.11,0.534,3.99,68.51,52.38,308.98,23.81,8.73,17.72,475.08,50.26,6.147632311977716,较差
PLOT_223,玉米,灌浆期,6.49,40.25,92.47,39.46,104.04,21.32,19.16,20.04,8.05,75.61,0.598,4.45,104.92,43.07,322.77,17.42,10.14,12.06,581.7208833922261,39.620000000000005,8.146643109540635,中等
PLOT_224,大豆,拔节期,6.17,30.91,95.14,40.59,84.66,27.45,29.5,94.14,10.71,55.4,0.42,3.9,75.95,47.29,308.45,22.05,6.96,15.96,579.18,44.97,6.8590171225261285,中等
PLOT_225,玉米,拔节期,7.39,28.87,88.97,41.67,107.56,23.1,14.48,118.79,5.74,64.4,0.626,4.48,77.7,49.59,266.82,25.05,6.36,11.1,624.33,42.51,6.276640790402259,优良
PLOT_226,玉米,成熟期,6.78,38.28,87.73733333333332,48.89,145.29,28.45,23.97,108.2,3.72,65.26,0.607,6.05,39.68,43.99,345.94,19.16,10.97,10.05,538.72,40.18000000000001,8.609756097560973,较差
PLOT_227,小麦,灌浆期,6.89,34.06,88.61,38.3,108.77,24.13,27.17,60.97,6.0,61.43,0.762,4.52,73.08,37.28,236.89,20.54,7.83,7.15,532.43,35.519999999999996,6.669200450450451,较差
PLOT_228,玉米,苗期,7.25,26.82,100.03,50.24,102.43,33.09,8.45,130.19,8.79,71.42,0.522,4.68,95.69,42.87,215.69,18.46,9.83,14.9,655.8,43.19,4.99398008798333,优良
PLOT_229,小麦,成熟期,6.8,21.44,101.78,41.12,119.71,14.18,25.18,48.06,6.43,52.06,0.464,3.68,85.0,37.1,383.86,19.49,14.85,15.32,609.27,49.66,7.729762384212647,中等
PLOT_230,小麦,拔节期,7.03,13.77,121.31,29.2,92.59,20.91,21.12,124.22,5.72,84.94,0.575,2.55,36.2,45.51,375.6,28.51,14.68,9.73,620.38,52.92,7.09750566893424,优良
PLOT_231,玉米,拔节期,7.21,25.37,65.2,41.56,131.09,16.58,23.02,52.02,7.23,79.95,0.488,1.73,66.91,30.76,202.32,17.68,16.67,13.07,717.55,47.42,4.266554196541543,优良
PLOT_232,大豆,成熟期,7.08,20.88,76.2,29.82,122.38,16.92,20.71,74.45,7.61,72.78,0.625,3.33,106.17,47.73,155.34,16.23,14.91,22.6,534.54,53.74,2.890584294752512,较差
PLOT_233,大豆,灌浆期,6.94,43.59,52.73,42.49,110.97,16.96,26.3,104.18,4.7,67.38,0.397,1.48,72.29,31.95,229.21,23.21,17.21,16.59,575.59,57.010000000000005,4.020522715313103,中等
PLOT_234,大豆,拔节期,7.69,24.1,103.62,51.95,113.86,22.84,23.45,41.01,6.81,80.29,0.547,4.26,80.8,41.77,308.45,13.79,11.31,8.39,629.6,33.49,9.210212003583159,优良
PLOT_235,大豆,灌浆期,7.42,23.93,78.31,29.12,161.04,23.13,22.53,129.07,6.3,74.89,0.509,3.46,104.14,49.03,423.89,14.93,7.29,16.01,501.56,38.230000000000004,11.08788909233586,较差
PLOT_236,大豆,拔节期,6.76,18.87,89.12,46.37,133.56,24.14,18.4,74.26,6.05,79.07,0.688,2.62,72.22,51.33,306.25,14.96,7.0,8.41,600.61,30.37,10.083964438590714,中等
PLOT_239,水稻,拔节期,6.91,38.43,109.46,52.32,73.21,17.18,31.16,61.21,6.04,79.67,0.596,4.21,86.25,36.05,309.74,21.5,10.38,18.25,588.99,50.13,6.178735288250548,中等
PLOT_240,大豆,苗期,7.65,29.01,87.73733333333332,16.45,103.45,26.68,29.71,116.82,3.61,73.1,0.658,4.44,81.83,52.84,195.71,16.29,8.35,17.59,684.12,42.230000000000004,4.6343831399479045,优良
PLOT_241,玉米,成熟期,7.29,27.95,82.77,28.63,67.49,17.65,14.89,134.22,7.68,80.56,0.587,3.17,65.14,36.23,196.24,21.7,8.71,13.51,654.69,43.92,4.468123861566484,优良
PLOT_242,水稻,成熟期,7.18,27.19,100.36,37.57,123.21,20.93,19.38,65.33,8.51,63.81,0.547,3.59,66.94,53.76,198.66,22.32,11.15,9.83,475.91,43.3,4.587990762124711,较差
PLOT_243,大豆,灌浆期,6.81,32.72,100.8,45.78,128.64,24.8,17.85,126.08,5.77,56.32,0.539,3.99,59.62,50.02,543.19,14.73,6.83,13.95,440.61,35.510000000000005,15.296817797803435,较差
PLOT_244,小麦,拔节期,6.36,25.29,77.17,40.0,87.85,18.92,21.81,32.18,6.19,71.22,0.6093074204946997,2.53,45.49,55.87,397.4,22.21,10.77,10.92,602.23,43.900000000000006,9.052391799544418,中等
PLOT_245,水稻,苗期,6.7,32.0,55.62,41.45,93.61,25.47,22.75,96.69,6.03,67.43,0.513,3.99,97.4,45.2,266.57,22.67,14.53,9.95,581.7208833922261,47.150000000000006,5.653658536585365,中等
PLOT_246,玉米,灌浆期,7.04,37.68,67.02,66.52,113.72,29.98,22.92,48.14,6.58,66.02,0.581,2.51,75.18,38.45,419.74,9.2,3.6,16.25,605.91,29.049999999999997,14.448881239242686,中等
PLOT_247,小麦,抽穗期,5.94,30.76,58.19,27.45,80.05,22.95,26.22,113.28,9.19,80.16,0.71,4.31,96.49,34.66,268.87,19.47,5.38,9.9,587.1,34.75,7.73726618705036,中等
PLOT_248,小麦,灌浆期,7.42,26.5,108.29,55.63,78.17,26.51,27.97,110.81,6.99,69.67,0.464,3.41,103.18,35.55,416.77,15.47,12.03,16.51,554.43,44.010000000000005,9.469893206089523,中等
PLOT_249,小麦,灌浆期,7.83,22.28,111.76,37.8,140.97,11.63,25.87,147.32,8.71,70.64,0.615,2.51,75.96,45.303118279569894,327.23,24.52,14.09,9.63,460.84,48.24,6.783374792703151,较差
PLOT_250,水稻,拔节期,5.83,26.35,116.73,48.59,112.87,19.85,19.76,127.64,5.46,64.73,0.405,3.28,51.36,52.54,26.07,15.42,8.53,20.23,493.55,44.18,0.5900860117700317,较差
PLOT_251,玉米,抽穗期,6.1,31.38,44.61,67.55,96.05,22.92,18.87,80.03,6.51,76.81,0.647,3.32,71.47,53.54,381.18,11.3,4.01,5.44,581.7208833922261,20.75,18.37012048192771,中等
PLOT_252,小麦,灌浆期,6.91,18.8,106.43,50.26,67.7,16.74,22.01,52.55,8.92,75.02,0.503,4.76,62.92,49.43,332.38,17.85,14.3,8.17,480.73,40.32000000000001,8.243551587301585,较差
PLOT_253,大豆,苗期,6.51,32.99,129.24,46.47,131.31,23.04,23.7,101.97,5.75,76.74,0.742,3.96,39.36,44.74,355.84,13.52,7.57,11.38,532.66,32.47,10.95903911302741,较差
PLOT_254,小麦,苗期,6.93,29.25,87.73733333333332,61.19,92.89,27.3,21.27,83.18,9.02,63.03,0.443,2.94,6.597,61.49,339.4,22.25,8.92,4.06,649.84,35.230000000000004,9.63383479988646,优良
PLOT_255,小麦,成熟期,6.76,27.1,41.98,55.5,156.52,12.6,16.62,131.53,6.07,81.04,0.673,5.28,73.71,44.21,338.45,13.96,10.96,1.72,539.94,26.64,12.70457957957958,较差
PLOT_256,水稻,抽穗期,6.29,24.04,120.37,32.41,131.48,16.05,24.73,20.01,6.62,86.39,0.767,4.36,63.42,46.77,392.05,17.91,8.0,4.1,603.01,30.009999999999998,13.06397867377541,中等
PLOT_257,水稻,抽穗期,7.44,25.14,85.83,45.53,89.8,22.92,20.43,150.64,10.21,76.42,0.496,3.5,61.11,44.62,552.54,25.73,7.37,10.83,592.17,43.93,12.577737309355793,中等
PLOT_258,玉米,成熟期,7.03,31.58,80.35,21.39,92.11,24.3,20.31,100.96,6.42,59.91,0.517,2.4,52.0,42.29,432.39,23.49,7.43,10.93,624.91,41.849999999999994,10.331899641577062,优良
PLOT_259,大豆,灌浆期,6.52,27.23,94.02,35.52,153.05,25.69,21.78,60.61,7.46,59.98,0.507,3.42,78.53,50.05,339.77,20.39,15.57,13.33,486.87,49.29,6.893284641915195,较差
PLOT_260,水稻,抽穗期,7.55,24.99,64.02,45.77,107.89,22.55,21.04,107.02,8.31,64.25,0.6093074204946997,3.6,108.65,39.93,292.05,17.36,13.48,11.21,675.33,42.05,6.9453032104637344,优良
PLOT_261,小麦,苗期,6.55,30.81,85.06,34.77,97.17,24.31,20.53,123.92,7.61,62.36,0.682,4.13,98.02,39.4,301.93,19.91,11.72,13.2,453.35,44.83,6.734998884675441,较差
PLOT_262,玉米,苗期,6.18,31.05,117.41,45.28,110.69,26.52,16.88,88.43,7.66,67.29,0.552,4.35,86.77,50.45,206.95,21.44,3.44,10.2,539.7,35.08,5.899372862029646,较差
PLOT_263,小麦,拔节期,6.89,20.5,97.45,41.84,97.05,19.93,21.55,32.05,7.1,74.32,0.485,4.53,87.16,45.303118279569894,379.81,13.07,11.73,14.86,578.12,39.66,9.576651538073627,中等
PLOT_264,小麦,抽穗期,6.98,31.43,86.17,48.44,116.03,18.96,24.81,76.18,4.86,70.9,0.378,2.35,72.61,46.07,228.66,22.26,11.57,14.38,581.7208833922261,48.21,4.742999377722464,中等
PLOT_265,水稻,灌浆期,7.07,43.01,86.79,36.91,108.1,21.16,23.06,116.18,7.83,70.02,0.812,3.99,42.52,42.27,286.48,12.49,6.17,10.69,704.14,29.35,9.760817717206134,优良
PLOT_266,玉米,成熟期,7.15,30.82,61.37,30.72,131.89,23.0,25.79,99.9,5.88,65.59,0.822,3.66,68.35,45.303118279569894,380.33,20.86,10.78,14.13,649.12,45.77,8.309591435438058,优良
PLOT_267,大豆,成熟期,7.06,17.81,82.0,59.74,100.29,18.71,19.09,80.3,8.6,67.26,0.687,6.21,57.55,39.61,298.64,12.47,13.15,11.24,707.43,36.86,8.102007596310363,优良
PLOT_268,大豆,灌浆期,7.04,29.06,52.31,36.05,87.88,20.03,16.89,124.25,9.67,75.97,0.6093074204946997,3.86,77.78,39.88,275.69,27.81,11.71,5.91,505.37,45.42999999999999,6.068456966762052,较差
PLOT_269,水稻,拔节期,6.51,17.02,105.45,49.92,101.28,23.99,21.02,107.18,3.95,47.88,0.71,3.24,9.72,38.44,212.23,21.82,7.96,15.62,687.13,45.4,4.674669603524229,优良
PLOT_270,水稻,成熟期,6.46,47.0,41.29,59.22,101.12,22.79,19.54,109.49,9.67,67.89,0.734,3.9,331.56,51.75,428.48,10.22,10.04,8.37,671.68,28.629999999999995,14.966119455117013,优良
PLOT_272,大豆,拔节期,6.92,24.0,104.59,31.72,125.86,13.29,22.85,69.78,6.96,75.84,0.625,2.01,44.99,52.35,267.27,15.39,10.18,13.3,560.16,38.870000000000005,6.875996912786209,中等
PLOT_273,大豆,抽穗期,7.21,14.53,111.38,39.86,124.5,21.98,19.99,34.0,5.56,57.9,0.768,4.17,228.39,53.2,158.74,14.8,13.76,11.66,634.18,40.22,3.946792640477375,优良
PLOT_274,大豆,苗期,5.95,22.73,86.74,54.21,139.99,17.15,17.0,77.22,7.54,57.37,0.423,3.52,76.62,41.32,318.21,18.74,11.19,4.49,581.7208833922261,34.42,9.244915746658918,中等
PLOT_275,小麦,拔节期,6.55,26.91,103.33,44.47,89.71,26.92,19.76,113.06,7.32,73.84,0.74,3.78,87.22,52.05,29.0,13.36,12.26,18.16,482.28,43.78,0.6624029237094563,较差
PLOT_276,大豆,成熟期,7.75,17.43,81.81,27.54,119.72,20.46,23.36,78.88,9.14,48.96,0.583,3.01,74.65,44.89,336.37,21.81,12.46,10.55,770.28,44.81999999999999,7.504908522980814,优良
PLOT_277,小麦,拔节期,7.08,27.59,61.27,49.16,128.18,17.02,24.69,98.37,5.87,81.32,0.486,2.82,76.2,45.303118279569894,214.28,21.52,6.8,14.54,589.99,42.86,4.999533364442371,中等
PLOT_278,玉米,拔节期,6.95,26.87,115.61,51.23,93.14,21.69,24.65,118.34,10.19,70.27,0.496,4.59,63.62,55.02,386.08,19.76,10.15,11.54,592.46,41.45,9.314354644149576,中等
PLOT_279,小麦,拔节期,7.15,28.75,83.06,37.74,104.81,28.35,23.7,96.18,8.4,83.59,0.6093074204946997,4.8,69.39,49.43,154.47,17.9,9.0,10.91,462.19,37.81,4.085427135678391,较差
PLOT_280,玉米,拔节期,7.9,29.38,56.81,49.32,66.25,25.15,21.33,99.12,7.36,57.13,0.475,4.18,84.24,42.18,311.7,21.3,13.13,12.77,524.89,47.2,6.603813559322033,较差
PLOT_281,大豆,抽穗期,7.8,22.21,75.66,44.94,132.67,23.1,23.62,44.27,6.87,63.64,0.833,2.17,38.85,48.91,330.39,21.96,11.39,12.11,499.19,45.46,7.267707875054993,较差
PLOT_282,大豆,苗期,6.01,22.88,76.45,39.63,104.61,15.37,21.83,75.32,6.65,43.92,0.679,4.23,69.29,34.87,325.2,20.27,9.44,10.93,677.11,40.64,8.001968503937007,优良
PLOT_283,玉米,灌浆期,6.19,28.27,87.73733333333332,26.48,130.16,30.11,22.45,136.8,6.77,60.04,0.748,2.18,87.38,46.98,334.2,11.44,6.15,11.78,625.42,29.369999999999997,11.378958120531156,优良
PLOT_284,水稻,拔节期,5.99,24.21,131.94,54.94,115.15,18.89,18.24,88.11,7.5,66.16,0.687,3.2,104.53,33.0,390.98,14.06,5.21,13.71,528.65,32.980000000000004,11.855063674954517,较差
PLOT_285,玉米,成熟期,6.43,33.44,95.45,51.11,105.37,26.67,22.18,141.9,6.82,48.37,0.627,4.58,67.83,37.12,439.22,16.66,10.93,13.99,630.45,41.58,10.563251563251564,优良
PLOT_286,水稻,拔节期,6.83,28.22,89.14,49.01,70.18,20.37,23.51,63.31,6.05,64.05,0.629,4.39,96.34,49.68,306.0,10.62,7.85,12.17,557.18,30.64,9.986945169712794,中等
PLOT_287,小麦,成熟期,6.92,39.19,134.12,60.53,74.63,26.19,23.36,92.02,7.51,48.13,0.572,4.21,105.42,23.64,232.89,19.12,12.0,14.48,601.1,45.6,5.107236842105262,中等
PLOT_288,小麦,抽穗期,6.03,32.92,104.58,53.34,45.17,28.53,16.85,73.52,5.69,65.43,0.582,4.98,68.06,59.42,370.46,25.06,5.07,10.3,600.68,40.43,9.162997773930249,中等
PLOT_289,小麦,成熟期,5.87,34.62,90.08,50.24,95.93,25.24,22.39,102.76,7.78,79.47,0.451,4.3,64.95,51.68,294.78,24.26,14.78,20.9,617.82,59.94,4.917917917917918,优良
PLOT_290,大豆,灌浆期,6.42,28.8,75.41,15.44,166.96,25.78,16.22,111.85,6.8,67.65,0.75,1.98,71.72,30.29,433.82,21.7,11.99,17.94,606.97,51.629999999999995,8.402479178772033,中等
PLOT_291,小麦,苗期,7.26,28.94,91.32,56.36,77.8,21.51,22.69,103.07,8.45,84.58,0.402,3.47,73.52,64.19,265.82,21.64,10.3,15.05,581.7208833922261,46.99,5.656948286869547,中等
PLOT_292,水稻,成熟期,7.35,38.39,83.67,43.0,44.21,19.83,19.19,116.26,8.98,75.86,0.493,3.76,94.63,45.303118279569894,242.78,29.08,15.05,4.23,693.02,48.36,5.0202646815550045,优良
PLOT_293,小麦,成熟期,7.65,25.73,86.83,45.75,134.07,22.69,28.82,84.6,8.98,81.48,0.861,3.66,61.07,43.56,332.94,22.22,12.85,14.42,637.65,49.49,6.727419680743584,优良
PLOT_294,玉米,苗期,6.78,31.28,111.29,45.83,169.09,20.3,22.48,79.28,7.77,60.35,0.636,3.24,102.69,37.59,163.36,22.63,8.57,10.65,549.68,41.85,3.9034647550776587,中等
PLOT_295,玉米,灌浆期,7.21,26.4,74.19,51.29,117.45,34.34,25.2,32.25,7.98,60.11,0.641,2.87,60.59,58.49,277.93,10.81,10.23,8.09,571.18,29.13,9.541023000343289,中等
PLOT_296,大豆,拔节期,7.3,26.39,95.27,55.47,117.22,17.04,30.44,104.15,6.62,71.46,0.696,5.96,52.24,42.25,290.31,24.66,4.11,10.55,690.72,39.32,7.383265513733469,优良
PLOT_297,玉米,成熟期,6.55,20.99,103.98,49.61,102.25,27.01,18.73,90.17,8.42,52.22,0.435,3.45,84.43,46.29,339.84,19.99,13.19,8.53,590.12,41.71,8.147686406137616,中等
PLOT_298,水稻,苗期,6.99,23.54,71.76,47.7,65.14,24.59,23.74,82.96,8.62,72.71,0.453,5.92,97.15,54.74,230.34,17.6,9.11,14.03,546.34,40.74,5.653902798232695,中等
PLOT_299,小麦,抽穗期,7.13,22.43,68.55,44.78,73.73,23.15,17.26,79.28,4.38,64.76,0.567,2.77,78.22,43.77,240.84,16.36,4.07,18.46,523.2,38.89,6.192851632810491,较差
PLOT_300,大豆,苗期,6.35,31.57,81.99,1.78,102.08,29.4,23.38,83.89,7.88,81.3,0.512,4.39,82.83,43.07,424.12,15.26,6.45,15.3,604.57,37.010000000000005,11.459605512023776,中等
